Datetime,Water Level (m)
2026-09-13 06:00:00,-7.001
2026-09-13 07:00:00,-7.001
2026-09-13 08:00:00,-7.001
2026-09-13 09:00:00,-7.001
2026-09-13 10:00:00,-7.001
2026-09-13 11:00:00,-7.001
2026-09-13 12:00:00,-7.001
2026-09-13 13:00:00,-7.001
2026-09-13 14:00:00,-7.001
2026-09-13 15:00:00,-7.001
2026-09-13 16:00:00,-7.001
2026-09-13 17:00:00,-7.001
2026-09-13 18:00:00,-7.001
2026-09-13 19:00:00,-7.001
2026-09-13 20:00:00,0.14659287
2026-09-13 21:00:00,0.14806335
2026-09-13 22:00:00,0.14535834
2026-09-13 23:00:00,0.14433746
2026-09-14 00:00:00,0.14350545
2026-09-14 01:00:00,0.15203805
2026-09-14 02:00:00,0.15770648
2026-09-14 03:00:00,0.16749234
2026-09-14 04:00:00,0.17911293
2026-09-14 05:00:00,0.19064651
2026-09-14 06:00:00,0.20090546
2026-09-14 07:00:00,0.20751466
2026-09-14 08:00:00,0.21355125
2026-09-14 09:00:00,0.21584053
2026-09-14 10:00:00,0.21676023
2026-09-14 11:00:00,0.21549937
2026-09-14 12:00:00,0.21557719
2026-09-14 13:00:00,0.21812935
2026-09-14 14:00:00,0.22323593
2026-09-14 15:00:00,0.23082475
2026-09-14 16:00:00,0.24028555
2026-09-14 17:00:00,0.24989483
2026-09-14 18:00:00,0.25811285
2026-09-14 19:00:00,0.26458523
2026-09-14 20:00:00,0.2688582
2026-09-14 21:00:00,0.27117392
2026-09-14 22:00:00,0.270785
2026-09-14 23:00:00,0.26855487
2026-09-15 00:00:00,0.2670364
2026-09-15 01:00:00,0.2696473
2026-09-15 02:00:00,0.30421975
2026-09-15 03:00:00,0.35959497
2026-09-15 04:00:00,0.4297341
2026-09-15 05:00:00,0.50882834
2026-09-15 06:00:00,0.5902812
2026-09-15 07:00:00,0.6711086
2026-09-15 08:00:00,0.7446069
2026-09-15 09:00:00,0.81607884
2026-09-15 10:00:00,0.8858072
2026-09-15 11:00:00,0.950089
2026-09-15 12:00:00,1.010583
2026-09-15 13:00:00,1.069042
2026-09-15 14:00:00,1.126736
2026-09-15 15:00:00,1.1832563
2026-09-15 16:00:00,1.2375878
2026-09-15 17:00:00,1.2891169
2026-09-15 18:00:00,1.337213
2026-09-15 19:00:00,1.3812248
2026-09-15 20:00:00,1.421474
2026-09-15 21:00:00,1.4581298
2026-09-15 22:00:00,1.4913275
2026-09-15 23:00:00,1.5214491
2026-09-16 00:00:00,1.5497879
2026-09-16 01:00:00,1.5780537
2026-09-16 02:00:00,1.6070391
2026-09-16 03:00:00,1.6380183
2026-09-16 04:00:00,1.6696851
2026-09-16 05:00:00,1.7021614
2026-09-16 06:00:00,1.733923
2026-09-16 07:00:00,1.7636344
2026-09-16 08:00:00,1.7876024
2026-09-16 09:00:00,1.8062228
2026-09-16 10:00:00,1.8261224
2026-09-16 11:00:00,1.8436323
2026-09-16 12:00:00,1.8607547
2026-09-16 13:00:00,1.8768591
2026-09-16 14:00:00,1.8926626
2026-09-16 15:00:00,1.910974
2026-09-16 16:00:00,1.9271326
2026-09-16 17:00:00,1.9433389
2026-09-16 18:00:00,1.9587942
2026-09-16 19:00:00,1.9739751
2026-09-16 20:00:00,1.9919344
2026-09-16 21:00:00,2.0107322
2026-09-16 22:00:00,2.0289042
2026-09-16 23:00:00,2.0470953
2026-09-17 00:00:00,2.0653605
2026-09-17 01:00:00,2.083603
2026-09-17 02:00:00,2.101504
2026-09-17 03:00:00,2.121201
2026-09-17 04:00:00,2.1424668
2026-09-17 05:00:00,2.1656137
2026-09-17 06:00:00,2.1812758
2026-09-17 07:00:00,2.1948223
2026-09-17 08:00:00,2.212079
2026-09-17 09:00:00,2.2304852
2026-09-17 10:00:00,2.2475383
2026-09-17 11:00:00,2.2630112
2026-09-17 12:00:00,2.2765396
2026-09-17 13:00:00,2.2881954
2026-09-17 14:00:00,2.2987854
2026-09-17 15:00:00,2.3103225
2026-09-17 16:00:00,2.3232408
2026-09-17 17:00:00,2.3367343
2026-09-17 18:00:00,2.3497517
2026-09-17 19:00:00,2.3620405
2026-09-17 20:00:00,2.3734374
2026-09-17 21:00:00,2.377617
2026-09-17 22:00:00,2.379816
2026-09-17 23:00:00,2.3920858
2026-09-18 00:00:00,2.4012835
2026-09-18 01:00:00,2.4090266
2026-09-18 02:00:00,2.4166493
2026-09-18 03:00:00,2.4254408
2026-09-18 04:00:00,2.4358592
2026-09-18 05:00:00,2.4474404
2026-09-18 06:00:00,2.4593363
2026-09-18 07:00:00,2.470906
2026-09-18 08:00:00,2.4818215
2026-09-18 09:00:00,2.4918685
2026-09-18 10:00:00,2.5009174
2026-09-18 11:00:00,2.50894
2026-09-18 12:00:00,2.5160172
2026-09-18 13:00:00,2.522445
2026-09-18 14:00:00,2.5287478
2026-09-18 15:00:00,2.535449
2026-09-18 16:00:00,2.542838
2026-09-18 17:00:00,2.550784
2026-09-18 18:00:00,2.5589826
2026-09-18 19:00:00,2.5669992
2026-09-18 20:00:00,2.5745816
2026-09-18 21:00:00,2.5814505
2026-09-18 22:00:00,2.5875545
2026-09-18 23:00:00,2.5929081
2026-09-19 00:00:00,2.59754
2026-09-19 01:00:00,2.6010315
2026-09-19 02:00:00,2.60429
2026-09-19 03:00:00,2.6081932
2026-09-19 04:00:00,2.6133409
2026-09-19 05:00:00,2.6198442
2026-09-19 06:00:00,2.6271725
